<?xml version="1.0" encoding="UTF-8" standalone="yes"?>
<addon id="plugin.video.charisma1.0.0" name="Charisma" version="1.0.0" provider-name="https://archive.org">
  <requires>
    <import addon="xbmc.python" version="2.1.0"/>
  </requires>
  <extension point="xbmc.python.pluginsource" library="default.py">
        <provides>video executable</provides>
  </extension>
  <extension point="xbmc.addon.metadata">
    <summary lang="en">Charisma Wizard</summary>
    <description lang="en">I hope you  enjoy the lovely Charisma Build</description>
    <platform>all</platform>
  </extension>
</addon>
